rollaagid,name
AE26,AE26
AE28,AE28
AA31,AA31
AB01,AB01
AB02,AB02
AB03,AB03
AB06,AB06
AB07,AB07
AB08,AB08
AB10,AB10
AB11,AB11
AB13,AB13
AB14,AB14
AB15,AB15
AB16,AB16
AB17,AB17
AB20,AB20
AB21,AB21
AB23,AB23
AB24,AB24
AB28,AB28
AB29,AB29
AB30,AB30
AB31,AB31
AB32,AB32
AB38,AB38
AC02,AC02
AC04,AC04
AC05,AC05
AC07,AC07
AC08,AC08
AC12,AC12
AC14,AC14
AC15,AC15
AC16,AC16
AC17,AC17
AC18,AC18
AC19,AC19
AC23,AC23
AC24,AC24
AD02,AD02
AD04,AD04
AD05,AD05
AD06,AD06
AD07,AD07
AD08,AD08
AD11,AD11
AD12,AD12
AD13,AD13
AD14,AD14
AD15,AD15
AD16,AD16
AD17,AD17
AD18,AD18
AD19,AD19
AD20,AD20
AD23,AD23
AD27,AD27
AD28,AD28
AD31,AD31
AD32,AD32
AD33,AD33
AD34,AD34
AD35,AD35
AD36,AD36
AD37,AD37
AD38,AD38
AD39,AD39
AD40,AD40
AD43,AD43
AD58,AD58
AD59,AD59
AD60,AD60
AD61,AD61
AD62,AD62
AD63,AD63
AD64,AD64
AD65,AD65
AE01,AE01
AE02,AE02
AE03,AE03
AE04,AE04
AE05,AE05
AE06,AE06
AE07,AE07
AE08,AE08
AE09,AE09
AE10,AE10
AE11,AE11
AE12,AE12
AE13,AE13
AE14,AE14
AE15,AE15
AE16,AE16
AE17,AE17
AE18,AE18
AE19,AE19
AE20,AE20
AE21,AE21
AE22,AE22
AE23,AE23
AE24,AE24
AE29,AE29
AE30,AE30
AE31,AE31
AE32,AE32
AE33,AE33
AE34,AE34
AE35,AE35
AE36,AE36
AE37,AE37
AE38,AE38
AE39,AE39
AE40,AE40
AE44,AE44
AE45,AE45
AE46,AE46
AE47,AE47
AE48,AE48
AE49,AE49
AE50,AE50
AE52,AE52
AE53,AE53
AE57,AE57
AE58,AE58
AE60,AE60
AF02,AF02
AF03,AF03
AF04,AF04
AF05,AF05
AF06,AF06
AF07,AF07
AF08,AF08
AF09,AF09
AH02,AH02
AH05,AH05
AH06,AH06
AH07,AH07
AH08,AH08
AH09,AH09
AH11,AH11
AH12,AH12
AH13,AH13
AH14,AH14
AH15,AH15
AH16,AH16
AH17,AH17
AH18,AH18
AH19,AH19
AH20,AH20
AH21,AH21
AH22,AH22
AH23,AH23
AH24,AH24
AH25,AH25
AH26,AH26
AH27,AH27
AJ01,AJ01
AJ02,AJ02
AJ24,AJ24
AJ27,AJ27
AJ28,AJ28
AJ29,AJ29
AJ30,AJ30
AJ31,AJ31
AJ32,AJ32
AK03,AK03
AK04,AK04
AK05,AK05
AK06,AK06
AK07,AK07
AK08,AK08
AK09,AK09
AK11,AK11
AK12,AK12
AK13,AK13
AK14,AK14
AK18,AK18
AK20,AK20
AK23,AK23
AK24,AK24
AK25,AK25
AK26,AK26
AK28,AK28
AK30,AK30
AK31,AK31
AK35,AK35
AK36,AK36
AK37,AK37
AK38,AK38
AK40,AK40
AK41,AK41
AK42,AK42
AK43,AK43
AK44,AK44
AK45,AK45
AK47,AK47
AK48,AK48
AK49,AK49
AK50,AK50
AK51,AK51
AL01,AL01
AL02,AL02
AL06,AL06
AL07,AL07
AL12,AL12
AL15,AL15
AL18,AL18
AL19,AL19
AL20,AL20
AL29,AL29
AL31,AL31
AL32,AL32
AL37,AL37
AL53,AL53
AM05,AM05
AM11,AM11
AM14,AM14
AM15,AM15
AM16,AM16
AM17,AM17
AM18,AM18
AM19,AM19
AM20,AM20
AM21,AM21
AM22,AM22
AM23,AM23
AN04,AN04
AN05,AN05
AN06,AN06
AN07,AN07
AN08,AN08
AN09,AN09
AN16,AN16
AN18,AN18
AN19,AN19
AN21,AN21
AN22,AN22
AN23,AN23
AN24,AN24
AN25,AN25
AN26,AN26
AN27,AN27
AN28,AN28
AN29,AN29
AN30,AN30
AN32,AN32
AN33,AN33
AN34,AN34
AN35,AN35
AN36,AN36
AN37,AN37
AN38,AN38
AN39,AN39
AN40,AN40
AO03,AO03
AO09,AO09
AO15,AO15
AO16,AO16
AO17,AO17
AO18,AO18
AO19,AO19
AO26,AO26
AO28,AO28
AO29,AO29
AO30,AO30
AO31,AO31
AO34,AO34
AO35,AO35
AO36,AO36
AP02,AP02
AP04,AP04
AP05,AP05
AP06,AP06
AP07,AP07
AP08,AP08
AP10,AP10
AP12,AP12
AP13,AP13
AP14,AP14
AP16,AP16
AP21,AP21
AP23,AP23
AP27,AP27
AP30,AP30
AP31,AP31
AP42,AP42
AP47,AP47
AP48,AP48
AQ02,AQ02
AQ03,AQ03
AQ06,AQ06
AQ07,AQ07
AQ09,AQ09
AQ10,AQ10
AQ11,AQ11
AQ12,AQ12
AQ15,AQ15
AQ16,AQ16
AQ17,AQ17
AQ18,AQ18
AQ19,AQ19
AQ20,AQ20
AQ21,AQ21
AQ22,AQ22
AQ23,AQ23
AQ24,AQ24
AQ25,AQ25
AQ26,AQ26
AQ27,AQ27
AQ29,AQ29
AQ31,AQ31
AQ45,AQ45
AQ46,AQ46
AR02,AR02
AR09,AR09
AR10,AR10
AR11,AR11
AR14,AR14
AR15,AR15
AR16,AR16
AR19,AR19
AR20,AR20
AR21,AR21
AR22,AR22
AR24,AR24
AR26,AR26
AR27,AR27
AR29,AR29
AR33,AR33
AR36,AR36
AR37,AR37
AR38,AR38
AR41,AR41
BC08,BC08
BC09,BC09
BC19,BC19
LA01,LA01
LA02,LA02
LA03,LA03
LA05,LA05
LA06,LA06
LA07,LA07
LA08,LA08
LA09,LA09
LA10,LA10
LA11,LA11
LC01,LC01
LC02,LC02
LC03,LC03
LC04,LC04
LC05,LC05
LC06,LC06
LC07,LC07
LC08,LC08
LC09,LC09
LC10,LC10
LC11,LC11
LC12,LC12
LC13,LC13
LC14,LC14
LC15,LC15
LC16,LC16
LC17,LC17
LC18,LC18
LE02,LE02
LE03,LE03
LE04,LE04
LE05,LE05
LF01,LF01
LF03,LF03
LF04,LF04
LF05,LF05
LF06,LF06
LF08,LF08
LF09,LF09
LG01,LG01
LG02,LG02
LG03,LG03
LG04,LG04
LH01,LH01
LH02,LH02
LH03,LH03
LH04,LH04
LH06,LH06
LH07,LH07
LJ01,LJ01
LJ02,LJ02
LJ03,LJ03
LJ04,LJ04
LJ05,LJ05
LJ06,LJ06
LJ07,LJ07
LJ08,LJ08
LJ09,LJ09
LJ10,LJ10
LJ11,LJ11
LK01,LK01
LK02,LK02
LK03,LK03
LK04,LK04
LK05,LK05
LK06,LK06
LK09,LK09
LK10,LK10
LL01,LL01
LL02,LL02
LL03,LL03
LL04,LL04
LL05,LL05
LL06,LL06
LM01,LM01
LM02,LM02
LM03,LM03
LM04,LM04
LM05,LM05
LM06,LM06
LN01,LN01
LN02,LN02
LN03,LN03
LN04,LN04
LN05,LN05
LN06,LN06
LN07,LN07
MD01,MD01
MD03,MD03
MD04,MD04
MD05,MD05
MD17,MD17
MD18,MD18
MD19,MD19
MD20,MD20
MD21,MD21
MD24,MD24
MD25,MD25
MG01,MG01
MG02,MG02
MG03,MG03
MG04,MG04
MG05,MG05
YP02,YP02
YP08,YP08
YP10,YP10
YP11,YP11
YP17,YP17
